Validation_Set,Topics,Alpha,Beta,Coherence
75% Corpus,2,0.01,0.01,0.2539614235368313
75% Corpus,2,0.01,0.31,0.2504922781527215
75% Corpus,2,0.01,0.61,0.25715339222392153
75% Corpus,2,0.01,0.9099999999999999,0.24455315164058458
75% Corpus,2,0.31,0.01,0.24472072564051195
75% Corpus,2,0.31,0.31,0.24224370390843275
75% Corpus,2,0.31,0.61,0.23761996865975019
75% Corpus,2,0.31,0.9099999999999999,0.24094003811244868
75% Corpus,2,0.61,0.01,0.250115379798024
75% Corpus,2,0.61,0.31,0.24455315164058455
75% Corpus,2,0.61,0.61,0.24455315164058458
75% Corpus,2,0.61,0.9099999999999999,0.23761996865975019
75% Corpus,2,0.9099999999999999,0.01,0.24564350756775405
75% Corpus,2,0.9099999999999999,0.31,0.24244885587589662
75% Corpus,2,0.9099999999999999,0.61,0.2476265943752065
75% Corpus,2,0.9099999999999999,0.9099999999999999,0.24455315164058458
75% Corpus,3,0.01,0.01,0.254691946798049
75% Corpus,3,0.01,0.31,0.24727107706494403
75% Corpus,3,0.01,0.61,0.2550731332918847
75% Corpus,3,0.01,0.9099999999999999,0.23395164255681836
75% Corpus,3,0.31,0.01,0.25369153761092367
75% Corpus,3,0.31,0.31,0.2627432325708594
75% Corpus,3,0.31,0.61,0.26592927899942903
75% Corpus,3,0.31,0.9099999999999999,0.27040737164834655
75% Corpus,3,0.61,0.01,0.2514485862473643
75% Corpus,3,0.61,0.31,0.24366024879762996
75% Corpus,3,0.61,0.61,0.26867718675754354
75% Corpus,3,0.61,0.9099999999999999,0.27196373615586966
75% Corpus,3,0.9099999999999999,0.01,0.24470030086323438
75% Corpus,3,0.9099999999999999,0.31,0.2405769565819602
75% Corpus,3,0.9099999999999999,0.61,0.2490811688384534
75% Corpus,3,0.9099999999999999,0.9099999999999999,0.2563265798940192
75% Corpus,4,0.01,0.01,0.24755342747061818
75% Corpus,4,0.01,0.31,0.243016285255023
75% Corpus,4,0.01,0.61,0.2469079473245399
75% Corpus,4,0.01,0.9099999999999999,0.2777366803916811
75% Corpus,4,0.31,0.01,0.25246391342483654
75% Corpus,4,0.31,0.31,0.26251445642411014
75% Corpus,4,0.31,0.61,0.2572423566864722
75% Corpus,4,0.31,0.9099999999999999,0.2618281122637905
75% Corpus,4,0.61,0.01,0.2584763717999734
75% Corpus,4,0.61,0.31,0.2612757450090081
75% Corpus,4,0.61,0.61,0.2553576179077608
75% Corpus,4,0.61,0.9099999999999999,0.2558784281569638
75% Corpus,4,0.9099999999999999,0.01,0.2565866257714185
75% Corpus,4,0.9099999999999999,0.31,0.2674815230691144
75% Corpus,4,0.9099999999999999,0.61,0.2568902441653344
75% Corpus,4,0.9099999999999999,0.9099999999999999,0.2669197331376313
75% Corpus,5,0.01,0.01,0.2774946142762239
75% Corpus,5,0.01,0.31,0.2486135817035026
75% Corpus,5,0.01,0.61,0.23557059534963432
75% Corpus,5,0.01,0.9099999999999999,0.29030388531559226
75% Corpus,5,0.31,0.01,0.2936762968876712
75% Corpus,5,0.31,0.31,0.3055008027612365
75% Corpus,5,0.31,0.61,0.31470014073066055
75% Corpus,5,0.31,0.9099999999999999,0.3206454746623312
75% Corpus,5,0.61,0.01,0.296160097565019
75% Corpus,5,0.61,0.31,0.28873027864132916
75% Corpus,5,0.61,0.61,0.29292554785413333
75% Corpus,5,0.61,0.9099999999999999,0.340344337700268
75% Corpus,5,0.9099999999999999,0.01,0.2873925751416184
75% Corpus,5,0.9099999999999999,0.31,0.29073166964235886
75% Corpus,5,0.9099999999999999,0.61,0.3142733394170205
75% Corpus,5,0.9099999999999999,0.9099999999999999,0.3441821633115445
75% Corpus,6,0.01,0.01,0.3179828623021148
75% Corpus,6,0.01,0.31,0.3152890987169891
75% Corpus,6,0.01,0.61,0.3109207542917262
75% Corpus,6,0.01,0.9099999999999999,0.316783076281562
75% Corpus,6,0.31,0.01,0.3262466045442368
75% Corpus,6,0.31,0.31,0.32857028816956513
75% Corpus,6,0.31,0.61,0.338275096515348
75% Corpus,6,0.31,0.9099999999999999,0.3382068337114937
75% Corpus,6,0.61,0.01,0.3196855728465557
75% Corpus,6,0.61,0.31,0.3325274492852698
75% Corpus,6,0.61,0.61,0.33843316610030144
75% Corpus,6,0.61,0.9099999999999999,0.34592005624635225
75% Corpus,6,0.9099999999999999,0.01,0.3191943180826457
75% Corpus,6,0.9099999999999999,0.31,0.32766357016635633
75% Corpus,6,0.9099999999999999,0.61,0.3459193268255871
75% Corpus,6,0.9099999999999999,0.9099999999999999,0.3447480405585642
75% Corpus,7,0.01,0.01,0.30547783868111184
75% Corpus,7,0.01,0.31,0.2938010425625825
75% Corpus,7,0.01,0.61,0.2956084281087224
75% Corpus,7,0.01,0.9099999999999999,0.3126822726463698
75% Corpus,7,0.31,0.01,0.292731138870865
75% Corpus,7,0.31,0.31,0.3095258756855616
75% Corpus,7,0.31,0.61,0.30920478267220336
75% Corpus,7,0.31,0.9099999999999999,0.3186385314612371
75% Corpus,7,0.61,0.01,0.3047046931390819
75% Corpus,7,0.61,0.31,0.2988776068366456
75% Corpus,7,0.61,0.61,0.3228713114667877
75% Corpus,7,0.61,0.9099999999999999,0.31918305740065295
75% Corpus,7,0.9099999999999999,0.01,0.31955668321496705
75% Corpus,7,0.9099999999999999,0.31,0.3292237600107587
75% Corpus,7,0.9099999999999999,0.61,0.32203388458625465
75% Corpus,7,0.9099999999999999,0.9099999999999999,0.31861286485957896
75% Corpus,8,0.01,0.01,0.2763029146607201
75% Corpus,8,0.01,0.31,0.25353043507741335
75% Corpus,8,0.01,0.61,0.25865616813024206
75% Corpus,8,0.01,0.9099999999999999,0.266090330285378
75% Corpus,8,0.31,0.01,0.2833071429060977
75% Corpus,8,0.31,0.31,0.2655062188447135
75% Corpus,8,0.31,0.61,0.2676480661823234
75% Corpus,8,0.31,0.9099999999999999,0.2626434175099189
75% Corpus,8,0.61,0.01,0.3060593222853769
75% Corpus,8,0.61,0.31,0.28299236059808675
75% Corpus,8,0.61,0.61,0.2874815944212866
75% Corpus,8,0.61,0.9099999999999999,0.2836876757916815
75% Corpus,8,0.9099999999999999,0.01,0.2995001928793896
75% Corpus,8,0.9099999999999999,0.31,0.28677430154167355
75% Corpus,8,0.9099999999999999,0.61,0.2811312305487655
75% Corpus,8,0.9099999999999999,0.9099999999999999,0.2762457654246169
75% Corpus,9,0.01,0.01,0.2616939449051776
75% Corpus,9,0.01,0.31,0.2586241404796154
75% Corpus,9,0.01,0.61,0.24404547550011652
75% Corpus,9,0.01,0.9099999999999999,0.2593611762282711
75% Corpus,9,0.31,0.01,0.2771211036214771
75% Corpus,9,0.31,0.31,0.3079587665301662
75% Corpus,9,0.31,0.61,0.26055893019414694
75% Corpus,9,0.31,0.9099999999999999,0.25810474066002803
75% Corpus,9,0.61,0.01,0.28174603920963076
75% Corpus,9,0.61,0.31,0.2706689694656424
75% Corpus,9,0.61,0.61,0.28067649283766744
75% Corpus,9,0.61,0.9099999999999999,0.27365859591602715
75% Corpus,9,0.9099999999999999,0.01,0.2850068409565764
75% Corpus,9,0.9099999999999999,0.31,0.2799348578551238
75% Corpus,9,0.9099999999999999,0.61,0.28421890635782854
75% Corpus,9,0.9099999999999999,0.9099999999999999,0.28105685535291897
75% Corpus,10,0.01,0.01,0.29592427385867787
75% Corpus,10,0.01,0.31,0.288178385586734
75% Corpus,10,0.01,0.61,0.2931101964658048
75% Corpus,10,0.01,0.9099999999999999,0.2997050713478847
75% Corpus,10,0.31,0.01,0.2946925633663814
75% Corpus,10,0.31,0.31,0.29021519174870797
75% Corpus,10,0.31,0.61,0.29203839376862806
75% Corpus,10,0.31,0.9099999999999999,0.29833059506037046
75% Corpus,10,0.61,0.01,0.2987514443904784
75% Corpus,10,0.61,0.31,0.30014954706091873
75% Corpus,10,0.61,0.61,0.3051753078016468
75% Corpus,10,0.61,0.9099999999999999,0.30628934148859915
75% Corpus,10,0.9099999999999999,0.01,0.3039564135692095
75% Corpus,10,0.9099999999999999,0.31,0.3178681866881421
75% Corpus,10,0.9099999999999999,0.61,0.3196126395857795
75% Corpus,10,0.9099999999999999,0.9099999999999999,0.3097670779022754
100% Corpus,2,0.01,0.01,0.24984464858703506
100% Corpus,2,0.01,0.31,0.24984464858703506
100% Corpus,2,0.01,0.61,0.2498446485870351
100% Corpus,2,0.01,0.9099999999999999,0.2529003867136417
100% Corpus,2,0.31,0.01,0.2468961181671153
100% Corpus,2,0.31,0.31,0.2529003867136417
100% Corpus,2,0.31,0.61,0.24821021182913094
100% Corpus,2,0.31,0.9099999999999999,0.24821021182913094
100% Corpus,2,0.61,0.01,0.2624345353811368
100% Corpus,2,0.61,0.31,0.24844734892462494
100% Corpus,2,0.61,0.61,0.2520562761187669
100% Corpus,2,0.61,0.9099999999999999,0.2687713975083083
100% Corpus,2,0.9099999999999999,0.01,0.2664132003021597
100% Corpus,2,0.9099999999999999,0.31,0.24844734892462494
100% Corpus,2,0.9099999999999999,0.61,0.24844734892462494
100% Corpus,2,0.9099999999999999,0.9099999999999999,0.26877139750830836
100% Corpus,3,0.01,0.01,0.26620928403683697
100% Corpus,3,0.01,0.31,0.252402554817189
100% Corpus,3,0.01,0.61,0.2692715276377689
100% Corpus,3,0.01,0.9099999999999999,0.2599050621610395
100% Corpus,3,0.31,0.01,0.27922380209253994
100% Corpus,3,0.31,0.31,0.28377317917252126
100% Corpus,3,0.31,0.61,0.29137481666744497
100% Corpus,3,0.31,0.9099999999999999,0.266723333403789
100% Corpus,3,0.61,0.01,0.2837731791725213
100% Corpus,3,0.61,0.31,0.2736086925478109
100% Corpus,3,0.61,0.61,0.2631966580947271
100% Corpus,3,0.61,0.9099999999999999,0.2717730312578293
100% Corpus,3,0.9099999999999999,0.01,0.2727514251384639
100% Corpus,3,0.9099999999999999,0.31,0.268299108369161
100% Corpus,3,0.9099999999999999,0.61,0.2764470962096572
100% Corpus,3,0.9099999999999999,0.9099999999999999,0.2818302078308092
100% Corpus,4,0.01,0.01,0.27089891251975273
100% Corpus,4,0.01,0.31,0.26942359975060626
100% Corpus,4,0.01,0.61,0.26911469647036634
100% Corpus,4,0.01,0.9099999999999999,0.2613746717373521
100% Corpus,4,0.31,0.01,0.25880385417702345
100% Corpus,4,0.31,0.31,0.26411817691258566
100% Corpus,4,0.31,0.61,0.2703770798733287
100% Corpus,4,0.31,0.9099999999999999,0.27411880481600187
100% Corpus,4,0.61,0.01,0.25634181972439674
100% Corpus,4,0.61,0.31,0.26607864815455484
100% Corpus,4,0.61,0.61,0.2699690369194655
100% Corpus,4,0.61,0.9099999999999999,0.2870732608930232
100% Corpus,4,0.9099999999999999,0.01,0.26924919865428987
100% Corpus,4,0.9099999999999999,0.31,0.26176788703164566
100% Corpus,4,0.9099999999999999,0.61,0.2746295162767779
100% Corpus,4,0.9099999999999999,0.9099999999999999,0.27525620095074343
100% Corpus,5,0.01,0.01,0.2758113025050412
100% Corpus,5,0.01,0.31,0.27351912615709306
100% Corpus,5,0.01,0.61,0.2725616812690622
100% Corpus,5,0.01,0.9099999999999999,0.2967225952502937
100% Corpus,5,0.31,0.01,0.27253409728981737
100% Corpus,5,0.31,0.31,0.27381392131943993
100% Corpus,5,0.31,0.61,0.3038278814202782
100% Corpus,5,0.31,0.9099999999999999,0.3050093387220187
100% Corpus,5,0.61,0.01,0.2858681125314379
100% Corpus,5,0.61,0.31,0.2800184086570311
100% Corpus,5,0.61,0.61,0.3020754479235971
100% Corpus,5,0.61,0.9099999999999999,0.3029266853454918
100% Corpus,5,0.9099999999999999,0.01,0.2825471241437477
100% Corpus,5,0.9099999999999999,0.31,0.28454162941441324
100% Corpus,5,0.9099999999999999,0.61,0.2927803074938279
100% Corpus,5,0.9099999999999999,0.9099999999999999,0.3057750580960644
100% Corpus,6,0.01,0.01,0.2593320058360653
100% Corpus,6,0.01,0.31,0.27141147491748235
100% Corpus,6,0.01,0.61,0.26307712812001866
100% Corpus,6,0.01,0.9099999999999999,0.2692226535127569
100% Corpus,6,0.31,0.01,0.27387593205613253
100% Corpus,6,0.31,0.31,0.2739390992015338
100% Corpus,6,0.31,0.61,0.2898130362531138
100% Corpus,6,0.31,0.9099999999999999,0.28012647105418426
100% Corpus,6,0.61,0.01,0.26654150642675534
100% Corpus,6,0.61,0.31,0.27920476656641996
100% Corpus,6,0.61,0.61,0.2878128875337774
100% Corpus,6,0.61,0.9099999999999999,0.3031184919193008
100% Corpus,6,0.9099999999999999,0.01,0.2768329512379599
100% Corpus,6,0.9099999999999999,0.31,0.26945245868960693
100% Corpus,6,0.9099999999999999,0.61,0.2750516728992221
100% Corpus,6,0.9099999999999999,0.9099999999999999,0.30076337597393854
100% Corpus,7,0.01,0.01,0.3131019181075616
100% Corpus,7,0.01,0.31,0.313242447239329
100% Corpus,7,0.01,0.61,0.31587156106676834
100% Corpus,7,0.01,0.9099999999999999,0.32359320709239225
100% Corpus,7,0.31,0.01,0.31052585441172076
100% Corpus,7,0.31,0.31,0.3117066544158898
100% Corpus,7,0.31,0.61,0.32811154303669515
100% Corpus,7,0.31,0.9099999999999999,0.3252160214118586
100% Corpus,7,0.61,0.01,0.30901387909149486
100% Corpus,7,0.61,0.31,0.2929589858901541
100% Corpus,7,0.61,0.61,0.3121519580026301
100% Corpus,7,0.61,0.9099999999999999,0.3358976527543481
100% Corpus,7,0.9099999999999999,0.01,0.3039103881621125
100% Corpus,7,0.9099999999999999,0.31,0.30246872294366106
100% Corpus,7,0.9099999999999999,0.61,0.3279851963744837
100% Corpus,7,0.9099999999999999,0.9099999999999999,0.32989663758548
100% Corpus,8,0.01,0.01,0.304607089673065
100% Corpus,8,0.01,0.31,0.28779678920954405
100% Corpus,8,0.01,0.61,0.2926552120718375
100% Corpus,8,0.01,0.9099999999999999,0.2961946187749849
100% Corpus,8,0.31,0.01,0.3119564386886546
100% Corpus,8,0.31,0.31,0.32791093515547465
100% Corpus,8,0.31,0.61,0.3333552646754616
100% Corpus,8,0.31,0.9099999999999999,0.27518156994693926
100% Corpus,8,0.61,0.01,0.34063505284457796
100% Corpus,8,0.61,0.31,0.3379693604657225
100% Corpus,8,0.61,0.61,0.3483810022620495
100% Corpus,8,0.61,0.9099999999999999,0.32606073150970455
100% Corpus,8,0.9099999999999999,0.01,0.34592572417573664
100% Corpus,8,0.9099999999999999,0.31,0.3309328359091184
100% Corpus,8,0.9099999999999999,0.61,0.33605036374308495
100% Corpus,8,0.9099999999999999,0.9099999999999999,0.3373121111419781
100% Corpus,9,0.01,0.01,0.2838569185506715
100% Corpus,9,0.01,0.31,0.27062991210898946
100% Corpus,9,0.01,0.61,0.25911187221853316
100% Corpus,9,0.01,0.9099999999999999,0.2683728194375703
100% Corpus,9,0.31,0.01,0.30392851258027626
100% Corpus,9,0.31,0.31,0.3068931330041449
100% Corpus,9,0.31,0.61,0.3365248266945752
100% Corpus,9,0.31,0.9099999999999999,0.34282315765117016
100% Corpus,9,0.61,0.01,0.3209215723177833
100% Corpus,9,0.61,0.31,0.31867621117814154
100% Corpus,9,0.61,0.61,0.3163113113910449
100% Corpus,9,0.61,0.9099999999999999,0.31269822046991314
100% Corpus,9,0.9099999999999999,0.01,0.2913529361985136
100% Corpus,9,0.9099999999999999,0.31,0.29702652894656517
100% Corpus,9,0.9099999999999999,0.61,0.31144766570762195
100% Corpus,9,0.9099999999999999,0.9099999999999999,0.31369779280742316
100% Corpus,10,0.01,0.01,0.2836375920720736
100% Corpus,10,0.01,0.31,0.2875075507636392
100% Corpus,10,0.01,0.61,0.2896536214545354
100% Corpus,10,0.01,0.9099999999999999,0.30551269767192296
100% Corpus,10,0.31,0.01,0.3140032154571267
100% Corpus,10,0.31,0.31,0.31222050305000826
100% Corpus,10,0.31,0.61,0.30521468621041736
100% Corpus,10,0.31,0.9099999999999999,0.32499968687524916
100% Corpus,10,0.61,0.01,0.32064662688959905
100% Corpus,10,0.61,0.31,0.3170122594436273
100% Corpus,10,0.61,0.61,0.32209127476347554
100% Corpus,10,0.61,0.9099999999999999,0.3435245718719454
100% Corpus,10,0.9099999999999999,0.01,0.3136066403297209
100% Corpus,10,0.9099999999999999,0.31,0.3221522731726975
100% Corpus,10,0.9099999999999999,0.61,0.3304054359677361
100% Corpus,10,0.9099999999999999,0.9099999999999999,0.31415645301506867
